{
  "antipv2": false,
  "antipv3": false,
  "Butao": false,
  "menu_audio": false,
  "verificado": true,
  "consoleoff": true,
  "antipv": false,
  "anticall": true,
  "visualizarmsg": true,
  "listanegraG": [],
  "cmdpremium": [],
  "TOKEN_GPT": [],
  "msgantipv2": "Não pode mandar mensagem para o bot, ele está programado para não responder, tente falar com meu dono",
  "isRecolherLink": false,
  "dono1": ".",
  "dono2": ".",
  "dono3": ".",
  "dono4": ".",
  "dono5": ".",
  "dono6": ".",
  "botoff": false,
  "Odelete": true
}