[{"groupId":"120363419005077853@g.us","comandos":[]},{"groupId":"120363399462072402@g.us","comandos":[]},{"groupId":"120363301716787312@g.us","comandos":[]},{"groupId":"120363311870251941@g.us","comandos":[]},{"groupId":"120363401239123818@g.us","comandos":[]},{"groupId":"120363418895451582@g.us","comandos":[]},{"groupId":"120363168334040985@g.us","comandos":[]},{"groupId":"120363418998493688@g.us","comandos":[]},{"groupId":"120363419754525981@g.us","comandos":[]},{"groupId":"120363420227390962@g.us","comandos":[]},{"groupId":"120363421141692442@g.us","comandos":[]},{"groupId":"120363319222356898@g.us","comandos":[]},{"groupId":"120363334766466812@g.us","comandos":[]},{"groupId":"120363417574206535@g.us","comandos":[]},{"groupId":"120363177685769848@g.us","comandos":[]},{"groupId":"120363311068401630@g.us","comandos":[]},{"groupId":"120363420350250338@g.us","comandos":[]},{"groupId":"120363419711945465@g.us","comandos":[]},{"groupId":"120363402989935088@g.us","comandos":[]},{"groupId":"120363401647681101@g.us","comandos":[]},{"groupId":"120363399334565002@g.us","comandos":[]},{"groupId":"120363418019079330@g.us","comandos":[]},{"groupId":"120363418643910741@g.us","comandos":[]},{"groupId":"120363401533596161@g.us","comandos":[]},{"groupId":"120363417457848574@g.us","comandos":[]},{"groupId":"120363416920785269@g.us","comandos":[]},{"groupId":"120363400852541095@g.us","comandos":[]},{"groupId":"120363400191559142@g.us","comandos":[]},{"groupId":"120363417727844291@g.us","comandos":[]},{"groupId":"120363400127692276@g.us","comandos":[]},{"groupId":"120363403382456757@g.us","comandos":[]}]