[
  {
    "id": "553891164328@s.whatsapp.net",
    "saldo": 999999789
  },
  {
    "id": "556392041735@s.whatsapp.net",
    "saldo": 0
  },
  {
    "id": "@55639204173550@s.whatsapp.net",
    "saldo": 0
  },
  {
    "id": "556392041735 50@s.whatsapp.net",
    "saldo": 0
  },
  {
    "id": [
      "556392041735@s.whatsapp.net"
    ],
    "saldo": 0
  },
  {
    "id": [
      "556392041735@s.whatsapp.net"
    ],
    "saldo": 0
  },
  {
    "id": "5514996066821@s.whatsapp.net",
    "saldo": 0
  },
  {
    "id": "557191793948@s.whatsapp.net",
    "saldo": 0
  },
  {
    "id": "554899961883@s.whatsapp.net",
    "saldo": 0
  },
  {
    "id": "558382180068@s.whatsapp.net",
    "saldo": 0
  }
]