[{"grupoID":"120363419005077853@g.us","usus":[{"id":"553188087528@s.whatsapp.net","level_usu":4,"patente_usu":"Sargento"},{"id":"558399204214@s.whatsapp.net","level_usu":1,"patente_usu":"Recruta"},{"id":"5521985579352@s.whatsapp.net","level_usu":2,"patente_usu":"Soldado"},{"id":"5511994092687@s.whatsapp.net","level_usu":4,"patente_usu":"Sargento"},{"id":"553288381985@s.whatsapp.net","level_usu":8,"patente_usu":"Sargento IV"},{"id":"558896306590@s.whatsapp.net","level_usu":6,"patente_usu":"Sargento II"},{"id":"557498184093@s.whatsapp.net","level_usu":1,"patente_usu":"Recruta"},{"id":"558391362831@s.whatsapp.net","level_usu":0,"patente_usu":"Aspirante"},{"id":"556399701049@s.whatsapp.net","level_usu":0,"patente_usu":"Aspirante"},{"id":"5511948485008@s.whatsapp.net","level_usu":0,"patente_usu":"Aspirante"},{"id":"557388623906@s.whatsapp.net","level_usu":7,"patente_usu":"Sargento III"},{"id":"556292520135@s.whatsapp.net","level_usu":0,"patente_usu":"Aspirante"},{"id":"244957377962@s.whatsapp.net","level_usu":0,"patente_usu":"Aspirante"},{"id":"244922719788@s.whatsapp.net","level_usu":0,"patente_usu":"Aspirante"},{"id":"5511956742891@s.whatsapp.net","level_usu":0,"patente_usu":"Aspirante"},{"id":"5521975883066@s.whatsapp.net","level_usu":2,"patente_usu":"Soldado"},{"id":"556792049715@s.whatsapp.net","level_usu":8,"patente_usu":"Sargento IV"},{"id":"557398667571@s.whatsapp.net","level_usu":5,"patente_usu":"Sargento I"},{"id":"557182811390@s.whatsapp.net","level_usu":2,"patente_usu":"Soldado"},{"id":"244931941458@s.whatsapp.net","level_usu":1,"patente_usu":"Recruta"},{"id":"556182012213@s.whatsapp.net","level_usu":0,"patente_usu":"Aspirante"},{"id":"557799205984@s.whatsapp.net","level_usu":0,"patente_usu":"Aspirante"},{"id":"554184458632@s.whatsapp.net","level_usu":1,"patente_usu":"Recruta"},{"id":"554291553602@s.whatsapp.net","level_usu":0,"patente_usu":"Aspirante"},{"id":"559191403991@s.whatsapp.net","level_usu":1,"patente_usu":"Recruta"},{"id":"554991722120@s.whatsapp.net","level_usu":0,"patente_usu":"Aspirante"},{"id":null,"level_usu":1,"patente_usu":"Recruta"},{"id":"558892171384@s.whatsapp.net","level_usu":2,"patente_usu":"Soldado"},{"id":"5511949178535@s.whatsapp.net","level_usu":3,"patente_usu":"Cabo"},{"id":"558196652243@s.whatsapp.net","level_usu":3,"patente_usu":"Cabo"},{"id":"5511915418845@s.whatsapp.net","level_usu":1,"patente_usu":"Recruta"},{"id":"5527996943511@s.whatsapp.net","level_usu":0,"patente_usu":"Aspirante"},{"id":"556791451098@s.whatsapp.net","level_usu":0,"patente_usu":"Aspirante"},{"id":"5515997589962@s.whatsapp.net","level_usu":1,"patente_usu":"Recruta"},{"id":"5511971222799@s.whatsapp.net","level_usu":0,"patente_usu":"Aspirante"},{"id":"5522997286435@s.whatsapp.net","level_usu":0,"patente_usu":"Aspirante"},{"id":"558892968243@s.whatsapp.net","level_usu":0,"patente_usu":"Aspirante"},{"id":"5527997532018@s.whatsapp.net","level_usu":0,"patente_usu":"Aspirante"},{"id":"554899148813@s.whatsapp.net","level_usu":0,"patente_usu":"Aspirante"},{"id":"555597234832@s.whatsapp.net","level_usu":0,"patente_usu":"Aspirante"},{"id":"5511964106265@s.whatsapp.net","level_usu":0,"patente_usu":"Aspirante"},{"id":"556692568436@s.whatsapp.net","level_usu":0,"patente_usu":"Aspirante"},{"id":"553193817588@s.whatsapp.net","level_usu":0,"patente_usu":"Aspirante"},{"id":"5521995626913@s.whatsapp.net","level_usu":0,"patente_usu":"Aspirante"},{"id":"5522999060076@s.whatsapp.net","level_usu":0,"patente_usu":"Aspirante"},{"id":"351930442333@s.whatsapp.net","level_usu":0,"patente_usu":"Aspirante"},{"id":"559784065014@s.whatsapp.net","level_usu":0,"patente_usu":"Aspirante"},{"id":"5511972020616@s.whatsapp.net","level_usu":0,"patente_usu":"Aspirante"},{"id":"5518998142273@s.whatsapp.net","level_usu":0,"patente_usu":"Aspirante"},{"id":"556598125597@s.whatsapp.net","level_usu":0,"patente_usu":"Aspirante"},{"id":"5527996580185@s.whatsapp.net","level_usu":2,"patente_usu":"Soldado"},{"id":"244958041211@s.whatsapp.net","level_usu":1,"patente_usu":"Recruta"},{"id":"554299281552@s.whatsapp.net","level_usu":0,"patente_usu":"Aspirante"},{"id":"5511933037624@s.whatsapp.net","level_usu":0,"patente_usu":"Aspirante"},{"id":"559876022801@s.whatsapp.net","level_usu":0,"patente_usu":"Aspirante"},{"id":"554899961883@s.whatsapp.net","level_usu":0,"patente_usu":"Aspirante"},{"id":"556493030557@s.whatsapp.net","level_usu":0,"patente_usu":"Aspirante"},{"id":"557182616444@s.whatsapp.net","level_usu":1,"patente_usu":"Recruta"},{"id":"556181879208@s.whatsapp.net","level_usu":0,"patente_usu":"Aspirante"},{"id":"558791764895@s.whatsapp.net","level_usu":0,"patente_usu":"Aspirante"},{"id":"559791631809@s.whatsapp.net","level_usu":0,"patente_usu":"Aspirante"},{"id":"5522996227720@s.whatsapp.net","level_usu":0,"patente_usu":"Aspirante"},{"id":"351920076101@s.whatsapp.net","level_usu":0,"patente_usu":"Aspirante"},{"id":"5511945878917@s.whatsapp.net","level_usu":0,"patente_usu":"Aspirante"},{"id":"5511970485113@s.whatsapp.net","level_usu":0,"patente_usu":"Aspirante"},{"id":"558796214997@s.whatsapp.net","level_usu":0,"patente_usu":"Aspirante"},{"id":"553195907332@s.whatsapp.net","level_usu":0,"patente_usu":"Aspirante"},{"id":"258867819589@s.whatsapp.net","level_usu":0,"patente_usu":"Aspirante"},{"id":"556993802989@s.whatsapp.net","level_usu":0,"patente_usu":"Aspirante"},{"id":"557199324696@s.whatsapp.net","level_usu":0,"patente_usu":"Aspirante"},{"id":"559294621875@s.whatsapp.net","level_usu":0,"patente_usu":"Aspirante"},{"id":"558897740447@s.whatsapp.net","level_usu":0,"patente_usu":"Aspirante"},{"id":"5521971922262@s.whatsapp.net","level_usu":0,"patente_usu":"Aspirante"},{"id":"553192645860@s.whatsapp.net","level_usu":0,"patente_usu":"Aspirante"},{"id":"5521995257286@s.whatsapp.net","level_usu":0,"patente_usu":"Aspirante"},{"id":"5511916324144@s.whatsapp.net","level_usu":2,"patente_usu":"Soldado"},{"id":"558299800126@s.whatsapp.net","level_usu":4,"patente_usu":"Sargento"},{"id":"556792301873@s.whatsapp.net","level_usu":0,"patente_usu":"Aspirante"},{"id":"5511965119621@s.whatsapp.net","level_usu":0,"patente_usu":"Aspirante"},{"id":"553899091831@s.whatsapp.net","level_usu":0,"patente_usu":"Aspirante"},{"id":"553597320091@s.whatsapp.net","level_usu":0,"patente_usu":"Aspirante"},{"id":"556592276136@s.whatsapp.net","level_usu":0,"patente_usu":"Aspirante"},{"id":"258869490411@s.whatsapp.net","level_usu":0,"patente_usu":"Aspirante"},{"id":"5511986469308@s.whatsapp.net","level_usu":0,"patente_usu":"Aspirante"},{"id":"5521987227521@s.whatsapp.net","level_usu":0,"patente_usu":"Aspirante"},{"id":"5511930232193@s.whatsapp.net","level_usu":0,"patente_usu":"Aspirante"},{"id":"553384105890@s.whatsapp.net","level_usu":0,"patente_usu":"Aspirante"},{"id":"558293348960@s.whatsapp.net","level_usu":0,"patente_usu":"Aspirante"},{"id":"556181751604@s.whatsapp.net","level_usu":0,"patente_usu":"Aspirante"},{"id":"558888392440@s.whatsapp.net","level_usu":0,"patente_usu":"Aspirante"},{"id":"557398176607@s.whatsapp.net","level_usu":0,"patente_usu":"Aspirante"},{"id":"557491217030@s.whatsapp.net","level_usu":0,"patente_usu":"Aspirante"},{"id":"559984351178@s.whatsapp.net","level_usu":0,"patente_usu":"Aspirante"},{"id":"559291014193@s.whatsapp.net","level_usu":0,"patente_usu":"Aspirante"},{"id":"556781383445@s.whatsapp.net","level_usu":0,"patente_usu":"Aspirante"},{"id":"556291280439@s.whatsapp.net","level_usu":0,"patente_usu":"Aspirante"},{"id":"5511993730535@s.whatsapp.net","level_usu":0,"patente_usu":"Aspirante"},{"id":"5511968010534@s.whatsapp.net","level_usu":0,"patente_usu":"Aspirante"},{"id":"351929028535@s.whatsapp.net","level_usu":0,"patente_usu":"Aspirante"},{"id":"559884824142@s.whatsapp.net","level_usu":0,"patente_usu":"Aspirante"},{"id":"5522992073959@s.whatsapp.net","level_usu":0,"patente_usu":"Aspirante"},{"id":"17194264924@s.whatsapp.net","level_usu":1,"patente_usu":"Recruta"},{"id":"5511959605214@s.whatsapp.net","level_usu":0,"patente_usu":"Aspirante"},{"id":"559591456037@s.whatsapp.net","level_usu":0,"patente_usu":"Aspirante"},{"id":"559292376851@s.whatsapp.net","level_usu":0,"patente_usu":"Aspirante"},{"id":"556899506000@s.whatsapp.net","level_usu":0,"patente_usu":"Aspirante"},{"id":"559181848164@s.whatsapp.net","level_usu":0,"patente_usu":"Aspirante"},{"id":"557599833403@s.whatsapp.net","level_usu":2,"patente_usu":"Soldado"},{"id":"18765728231@s.whatsapp.net","level_usu":0,"patente_usu":"Aspirante"},{"id":"5515981877481@s.whatsapp.net","level_usu":0,"patente_usu":"Aspirante"},{"id":"553199140291@s.whatsapp.net","level_usu":0,"patente_usu":"Aspirante"},{"id":"5511969611691@s.whatsapp.net","level_usu":0,"patente_usu":"Aspirante"},{"id":"558597116257@s.whatsapp.net","level_usu":0,"patente_usu":"Aspirante"},{"id":"558196302907@s.whatsapp.net","level_usu":2,"patente_usu":"Soldado"},{"id":"558893650904@s.whatsapp.net","level_usu":0,"patente_usu":"Aspirante"},{"id":"559192333070@s.whatsapp.net","level_usu":0,"patente_usu":"Aspirante"},{"id":"554797301604@s.whatsapp.net","level_usu":0,"patente_usu":"Aspirante"},{"id":"558591693706@s.whatsapp.net","level_usu":0,"patente_usu":"Aspirante"},{"id":"556298786701@s.whatsapp.net","level_usu":1,"patente_usu":"Recruta"},{"id":"556282309005@s.whatsapp.net","level_usu":0,"patente_usu":"Aspirante"},{"id":"559184808398@s.whatsapp.net","level_usu":1,"patente_usu":"Recruta"},{"id":"5524998130807@s.whatsapp.net","level_usu":2,"patente_usu":"Soldado"},{"id":"5527995241056@s.whatsapp.net","level_usu":0,"patente_usu":"Aspirante"},{"id":"5516996078540@s.whatsapp.net","level_usu":0,"patente_usu":"Aspirante"},{"id":"557193461359@s.whatsapp.net","level_usu":2,"patente_usu":"Soldado"},{"id":"557199556974@s.whatsapp.net","level_usu":3,"patente_usu":"Cabo"},{"id":"555596327921@s.whatsapp.net","level_usu":0,"patente_usu":"Aspirante"},{"id":"556391010137@s.whatsapp.net","level_usu":7,"patente_usu":"Sargento III"},{"id":"558199526657@s.whatsapp.net","level_usu":1,"patente_usu":"Recruta"},{"id":"555584177693@s.whatsapp.net","level_usu":4,"patente_usu":"Sargento"},{"id":"5511952335021@s.whatsapp.net","level_usu":0,"patente_usu":"Aspirante"},{"id":"553185040990@s.whatsapp.net","level_usu":0,"patente_usu":"Aspirante"},{"id":"554888559582@s.whatsapp.net","level_usu":0,"patente_usu":"Aspirante"},{"id":"5511947755900@s.whatsapp.net","level_usu":0,"patente_usu":"Aspirante"},{"id":"554195773258@s.whatsapp.net","level_usu":0,"patente_usu":"Aspirante"},{"id":"5511989446355@s.whatsapp.net","level_usu":0,"patente_usu":"Aspirante"},{"id":"553397089617@s.whatsapp.net","level_usu":0,"patente_usu":"Aspirante"},{"id":"5521993929943@s.whatsapp.net","level_usu":0,"patente_usu":"Aspirante"},{"id":"557398487302@s.whatsapp.net","level_usu":0,"patente_usu":"Aspirante"},{"id":"557592149437@s.whatsapp.net","level_usu":0,"patente_usu":"Aspirante"},{"id":"5528999870964@s.whatsapp.net","level_usu":0,"patente_usu":"Aspirante"},{"id":"559391702551@s.whatsapp.net","level_usu":0,"patente_usu":"Aspirante"},{"id":"556192165316@s.whatsapp.net","level_usu":0,"patente_usu":"Aspirante"},{"id":"258850599812@s.whatsapp.net","level_usu":0,"patente_usu":"Aspirante"},{"id":"5524981557985@s.whatsapp.net","level_usu":0,"patente_usu":"Aspirante"},{"id":"5511982802321@s.whatsapp.net","level_usu":0,"patente_usu":"Aspirante"},{"id":"554791664286@s.whatsapp.net","level_usu":0,"patente_usu":"Aspirante"},{"id":"5521973025580@s.whatsapp.net","level_usu":0,"patente_usu":"Aspirante"},{"id":"554796565523@s.whatsapp.net","level_usu":0,"patente_usu":"Aspirante"},{"id":"558999267524@s.whatsapp.net","level_usu":0,"patente_usu":"Aspirante"},{"id":"555185863229@s.whatsapp.net","level_usu":0,"patente_usu":"Aspirante"},{"id":"558486857762@s.whatsapp.net","level_usu":0,"patente_usu":"Aspirante"},{"id":"557182915405@s.whatsapp.net","level_usu":1,"patente_usu":"Recruta"},{"id":"554298278191@s.whatsapp.net","level_usu":0,"patente_usu":"Aspirante"},{"id":"5492942537445@s.whatsapp.net","level_usu":0,"patente_usu":"Aspirante"},{"id":"559182059323@s.whatsapp.net","level_usu":0,"patente_usu":"Aspirante"},{"id":"5521977337127@s.whatsapp.net","level_usu":4,"patente_usu":"Sargento"},{"id":"558179102050@s.whatsapp.net","level_usu":0,"patente_usu":"Aspirante"},{"id":"553497660714@s.whatsapp.net","level_usu":0,"patente_usu":"Aspirante"},{"id":"559884263417@s.whatsapp.net","level_usu":0,"patente_usu":"Aspirante"},{"id":"5521986007988@s.whatsapp.net","level_usu":0,"patente_usu":"Aspirante"},{"id":"556791800947@s.whatsapp.net","level_usu":0,"patente_usu":"Aspirante"},{"id":"5521982717308@s.whatsapp.net","level_usu":0,"patente_usu":"Aspirante"},{"id":"5513996667052@s.whatsapp.net","level_usu":0,"patente_usu":"Aspirante"},{"id":"5517992270581@s.whatsapp.net","level_usu":0,"patente_usu":"Aspirante"},{"id":"5521967110562@s.whatsapp.net","level_usu":1,"patente_usu":"Recruta"},{"id":"5511913639156@s.whatsapp.net","level_usu":0,"patente_usu":"Aspirante"},{"id":"556393026150@s.whatsapp.net","level_usu":0,"patente_usu":"Aspirante"},{"id":"555499794929@s.whatsapp.net","level_usu":0,"patente_usu":"Aspirante"},{"id":"33759256300@s.whatsapp.net","level_usu":0,"patente_usu":"Aspirante"},{"id":"5515991222089@s.whatsapp.net","level_usu":0,"patente_usu":"Aspirante"},{"id":"554797629425@s.whatsapp.net","level_usu":0,"patente_usu":"Aspirante"},{"id":"553183029962@s.whatsapp.net","level_usu":0,"patente_usu":"Aspirante"},{"id":"557184748226@s.whatsapp.net","level_usu":0,"patente_usu":"Aspirante"},{"id":"555391622286@s.whatsapp.net","level_usu":0,"patente_usu":"Aspirante"},{"id":"5511957106973@s.whatsapp.net","level_usu":0,"patente_usu":"Aspirante"},{"id":"558799045202@s.whatsapp.net","level_usu":0,"patente_usu":"Aspirante"},{"id":"558391600339@s.whatsapp.net","level_usu":0,"patente_usu":"Aspirante"},{"id":"553799941186@s.whatsapp.net","level_usu":0,"patente_usu":"Aspirante"},{"id":"5518996978960@s.whatsapp.net","level_usu":1,"patente_usu":"Recruta"},{"id":"558399549242@s.whatsapp.net","level_usu":0,"patente_usu":"Aspirante"},{"id":"556295713831@s.whatsapp.net","level_usu":0,"patente_usu":"Aspirante"},{"id":"558999864230@s.whatsapp.net","level_usu":0,"patente_usu":"Aspirante"},{"id":"5524998311375@s.whatsapp.net","level_usu":0,"patente_usu":"Aspirante"},{"id":"556798092206@s.whatsapp.net","level_usu":0,"patente_usu":"Aspirante"},{"id":"559884899841@s.whatsapp.net","level_usu":0,"patente_usu":"Aspirante"},{"id":"5521996084743@s.whatsapp.net","level_usu":2,"patente_usu":"Soldado"},{"id":"553198487830@s.whatsapp.net","level_usu":0,"patente_usu":"Aspirante"},{"id":"553191414318@s.whatsapp.net","level_usu":0,"patente_usu":"Aspirante"},{"id":"559286129154@s.whatsapp.net","level_usu":0,"patente_usu":"Aspirante"},{"id":"5522981026906@s.whatsapp.net","level_usu":1,"patente_usu":"Recruta"},{"id":"556298867057@s.whatsapp.net","level_usu":0,"patente_usu":"Aspirante"},{"id":"559191049806@s.whatsapp.net","level_usu":1,"patente_usu":"Recruta"},{"id":"553173110996@s.whatsapp.net","level_usu":0,"patente_usu":"Aspirante"},{"id":"553884090011@s.whatsapp.net","level_usu":0,"patente_usu":"Aspirante"},{"id":"351935711257@s.whatsapp.net","level_usu":1,"patente_usu":"Recruta"},{"id":"557388515342@s.whatsapp.net","level_usu":0,"patente_usu":"Aspirante"},{"id":"559391277819@s.whatsapp.net","level_usu":0,"patente_usu":"Aspirante"},{"id":"559981555516@s.whatsapp.net","level_usu":0,"patente_usu":"Aspirante"},{"id":"5521971748044@s.whatsapp.net","level_usu":0,"patente_usu":"Aspirante"},{"id":"5511964528424@s.whatsapp.net","level_usu":0,"patente_usu":"Aspirante"},{"id":"553496765790@s.whatsapp.net","level_usu":0,"patente_usu":"Aspirante"},{"id":"553189750614@s.whatsapp.net","level_usu":0,"patente_usu":"Aspirante"},{"id":"5511997694699@s.whatsapp.net","level_usu":0,"patente_usu":"Aspirante"},{"id":"5522999275760@s.whatsapp.net","level_usu":0,"patente_usu":"Aspirante"},{"id":"5519990147269@s.whatsapp.net","level_usu":0,"patente_usu":"Aspirante"},{"id":"559184279347@s.whatsapp.net","level_usu":0,"patente_usu":"Aspirante"},{"id":"553183359751@s.whatsapp.net","level_usu":0,"patente_usu":"Aspirante"},{"id":"555197982223@s.whatsapp.net","level_usu":0,"patente_usu":"Aspirante"},{"id":"258846068801@s.whatsapp.net","level_usu":0,"patente_usu":"Aspirante"},{"id":"5516981931637@s.whatsapp.net","level_usu":0,"patente_usu":"Aspirante"},{"id":"554198182089@s.whatsapp.net","level_usu":0,"patente_usu":"Aspirante"},{"id":"556294348154@s.whatsapp.net","level_usu":0,"patente_usu":"Aspirante"},{"id":"351913281081@s.whatsapp.net","level_usu":0,"patente_usu":"Aspirante"},{"id":"557491964534@s.whatsapp.net","level_usu":0,"patente_usu":"Aspirante"},{"id":"559884647224@s.whatsapp.net","level_usu":0,"patente_usu":"Aspirante"},{"id":"5521972398416@s.whatsapp.net","level_usu":0,"patente_usu":"Aspirante"},{"id":"5512991517609@s.whatsapp.net","level_usu":0,"patente_usu":"Aspirante"},{"id":"4917656773465@s.whatsapp.net","level_usu":0,"patente_usu":"Aspirante"},{"id":"556999742944@s.whatsapp.net","level_usu":0,"patente_usu":"Aspirante"},{"id":"557582858367@s.whatsapp.net","level_usu":0,"patente_usu":"Aspirante"},{"id":"5358616493@s.whatsapp.net","level_usu":0,"patente_usu":"Aspirante"},{"id":"558599044570@s.whatsapp.net","level_usu":0,"patente_usu":"Aspirante"},{"id":"5516994487433@s.whatsapp.net","level_usu":2,"patente_usu":"Soldado"},{"id":"5516981289885@s.whatsapp.net","level_usu":0,"patente_usu":"Aspirante"},{"id":"559991366578@s.whatsapp.net","level_usu":0,"patente_usu":"Aspirante"},{"id":"5521991277240@s.whatsapp.net","level_usu":5,"patente_usu":"Sargento I"},{"id":"5511989167379@s.whatsapp.net","level_usu":0,"patente_usu":"Aspirante"},{"id":"5521991032234@s.whatsapp.net","level_usu":0,"patente_usu":"Aspirante"},{"id":"5492604538706@s.whatsapp.net","level_usu":0,"patente_usu":"Aspirante"},{"id":"5527981025665@s.whatsapp.net","level_usu":5,"patente_usu":"Sargento I"},{"id":"558193877766@s.whatsapp.net","level_usu":0,"patente_usu":"Aspirante"},{"id":"559193882034@s.whatsapp.net","level_usu":0,"patente_usu":"Aspirante"},{"id":"5511961318165@s.whatsapp.net","level_usu":0,"patente_usu":"Aspirante"},{"id":"5521994701588@s.whatsapp.net","level_usu":0,"patente_usu":"Aspirante"},{"id":"556295447919@s.whatsapp.net","level_usu":0,"patente_usu":"Aspirante"},{"id":"553175940778@s.whatsapp.net","level_usu":2,"patente_usu":"Soldado"},{"id":"5521986484786@s.whatsapp.net","level_usu":0,"patente_usu":"Aspirante"},{"id":"558179106504@s.whatsapp.net","level_usu":0,"patente_usu":"Aspirante"},{"id":"556592242649@s.whatsapp.net","level_usu":0,"patente_usu":"Aspirante"},{"id":"258848063405@s.whatsapp.net","level_usu":0,"patente_usu":"Aspirante"},{"id":"5522981636310@s.whatsapp.net","level_usu":0,"patente_usu":"Aspirante"},{"id":"557481074335@s.whatsapp.net","level_usu":0,"patente_usu":"Aspirante"}]},{"grupoID":"120363301716787312@g.us","usus":[{"id":"5512992278699@s.whatsapp.net","level_usu":0,"patente_usu":"Aspirante"},{"id":"5511913294473@s.whatsapp.net","level_usu":0,"patente_usu":"Aspirante"},{"id":"553187513443@s.whatsapp.net","level_usu":0,"patente_usu":"Aspirante"},{"id":"558288341376@s.whatsapp.net","level_usu":0,"patente_usu":"Aspirante"},{"id":"258847652234@s.whatsapp.net","level_usu":0,"patente_usu":"Aspirante"},{"id":"5512982102141@s.whatsapp.net","level_usu":0,"patente_usu":"Aspirante"},{"id":"556792049715@s.whatsapp.net","level_usu":0,"patente_usu":"Aspirante"}]},{"grupoID":"120363311870251941@g.us","usus":[{"id":"553891164328@s.whatsapp.net","level_usu":3,"patente_usu":"Cabo"},{"id":"553899645151@s.whatsapp.net","level_usu":0,"patente_usu":"Aspirante"},{"id":"559884793058@s.whatsapp.net","level_usu":4,"patente_usu":"Sargento"},{"id":"559885079553@s.whatsapp.net","level_usu":2,"patente_usu":"Soldado"},{"id":"557399197974@s.whatsapp.net","level_usu":3,"patente_usu":"Cabo"},{"id":"553384635538@s.whatsapp.net","level_usu":2,"patente_usu":"Soldado"},{"id":"553384601320@s.whatsapp.net","level_usu":1,"patente_usu":"Recruta"},{"id":"559681361714@s.whatsapp.net","level_usu":2,"patente_usu":"Soldado"},{"id":"557388610011@s.whatsapp.net","level_usu":0,"patente_usu":"Aspirante"},{"id":"5511913231780@s.whatsapp.net","level_usu":0,"patente_usu":"Aspirante"},{"id":"5512981921702@s.whatsapp.net","level_usu":2,"patente_usu":"Soldado"},{"id":"554396397270@s.whatsapp.net","level_usu":0,"patente_usu":"Aspirante"},{"id":"554899595006@s.whatsapp.net","level_usu":1,"patente_usu":"Recruta"},{"id":"555180642511@s.whatsapp.net","level_usu":0,"patente_usu":"Aspirante"},{"id":"5519994212138@s.whatsapp.net","level_usu":2,"patente_usu":"Soldado"},{"id":"5512996378494@s.whatsapp.net","level_usu":1,"patente_usu":"Recruta"},{"id":"5511978136394@s.whatsapp.net","level_usu":0,"patente_usu":"Aspirante"},{"id":"558592906242@s.whatsapp.net","level_usu":2,"patente_usu":"Soldado"},{"id":null,"level_usu":0,"patente_usu":"Aspirante"},{"id":"558591779231@s.whatsapp.net","level_usu":1,"patente_usu":"Recruta"},{"id":"556781127153@s.whatsapp.net","level_usu":0,"patente_usu":"Aspirante"},{"id":"556192749968@s.whatsapp.net","level_usu":0,"patente_usu":"Aspirante"},{"id":"553899442249@s.whatsapp.net","level_usu":0,"patente_usu":"Aspirante"},{"id":"5511950256089@s.whatsapp.net","level_usu":0,"patente_usu":"Aspirante"},{"id":"5514981998886@s.whatsapp.net","level_usu":1,"patente_usu":"Recruta"}]},{"grupoID":"120363399462072402@g.us","usus":[{"id":"557398176607@s.whatsapp.net","level_usu":0,"patente_usu":"Aspirante"},{"id":"558189728863@s.whatsapp.net","level_usu":1,"patente_usu":"Recruta"},{"id":"5535910186400@s.whatsapp.net","level_usu":1,"patente_usu":"Recruta"},{"id":"557391161899@s.whatsapp.net","level_usu":0,"patente_usu":"Aspirante"},{"id":"555481439812@s.whatsapp.net","level_usu":0,"patente_usu":"Aspirante"},{"id":"553891164328@s.whatsapp.net","level_usu":0,"patente_usu":"Aspirante"}]},{"grupoID":"120363418895451582@g.us","usus":[{"id":"553399225409@s.whatsapp.net","level_usu":1,"patente_usu":"Recruta"},{"id":"557799292171@s.whatsapp.net","level_usu":2,"patente_usu":"Soldado"},{"id":"5521982114881@s.whatsapp.net","level_usu":0,"patente_usu":"Aspirante"},{"id":"5524999788221@s.whatsapp.net","level_usu":0,"patente_usu":"Aspirante"},{"id":"559285715119@s.whatsapp.net","level_usu":3,"patente_usu":"Cabo"},{"id":"5521988397061@s.whatsapp.net","level_usu":3,"patente_usu":"Cabo"},{"id":"5516994606956@s.whatsapp.net","level_usu":0,"patente_usu":"Aspirante"},{"id":"557399957413@s.whatsapp.net","level_usu":1,"patente_usu":"Recruta"},{"id":"555199147648@s.whatsapp.net","level_usu":2,"patente_usu":"Soldado"},{"id":"557388623906@s.whatsapp.net","level_usu":1,"patente_usu":"Recruta"},{"id":"557398667571@s.whatsapp.net","level_usu":1,"patente_usu":"Recruta"},{"id":"556293590036@s.whatsapp.net","level_usu":2,"patente_usu":"Soldado"},{"id":"554488044020@s.whatsapp.net","level_usu":0,"patente_usu":"Aspirante"},{"id":"5521996852404@s.whatsapp.net","level_usu":1,"patente_usu":"Recruta"},{"id":"557193340458@s.whatsapp.net","level_usu":0,"patente_usu":"Aspirante"},{"id":"557498184093@s.whatsapp.net","level_usu":0,"patente_usu":"Aspirante"},{"id":"558199526657@s.whatsapp.net","level_usu":0,"patente_usu":"Aspirante"},{"id":"559284923899@s.whatsapp.net","level_usu":1,"patente_usu":"Recruta"},{"id":"5511973969910@s.whatsapp.net","level_usu":0,"patente_usu":"Aspirante"},{"id":"5519989010937@s.whatsapp.net","level_usu":0,"patente_usu":"Aspirante"},{"id":"559292110566@s.whatsapp.net","level_usu":1,"patente_usu":"Recruta"},{"id":"554899961883@s.whatsapp.net","level_usu":0,"patente_usu":"Aspirante"},{"id":"553891164328@s.whatsapp.net","level_usu":1,"patente_usu":"Recruta"},{"id":null,"level_usu":0,"patente_usu":"Aspirante"},{"id":"557781414006@s.whatsapp.net","level_usu":1,"patente_usu":"Recruta"},{"id":"5518996407490@s.whatsapp.net","level_usu":0,"patente_usu":"Aspirante"},{"id":"559591456037@s.whatsapp.net","level_usu":0,"patente_usu":"Aspirante"},{"id":"5511968010534@s.whatsapp.net","level_usu":0,"patente_usu":"Aspirante"},{"id":"558197050490@s.whatsapp.net","level_usu":0,"patente_usu":"Aspirante"},{"id":"5521999238559@s.whatsapp.net","level_usu":0,"patente_usu":"Aspirante"},{"id":"5516993929593@s.whatsapp.net","level_usu":1,"patente_usu":"Recruta"},{"id":"554999744431@s.whatsapp.net","level_usu":0,"patente_usu":"Aspirante"},{"id":"559181369692@s.whatsapp.net","level_usu":0,"patente_usu":"Aspirante"},{"id":"5511982303280@s.whatsapp.net","level_usu":0,"patente_usu":"Aspirante"},{"id":"5521989047220@s.whatsapp.net","level_usu":0,"patente_usu":"Aspirante"},{"id":"553597403844@s.whatsapp.net","level_usu":0,"patente_usu":"Aspirante"},{"id":"559392368174@s.whatsapp.net","level_usu":0,"patente_usu":"Aspirante"},{"id":"557491964534@s.whatsapp.net","level_usu":0,"patente_usu":"Aspirante"},{"id":"559293347641@s.whatsapp.net","level_usu":0,"patente_usu":"Aspirante"},{"id":"559281691863@s.whatsapp.net","level_usu":0,"patente_usu":"Aspirante"},{"id":"557398176607@s.whatsapp.net","level_usu":0,"patente_usu":"Aspirante"},{"id":"639641940283@s.whatsapp.net","level_usu":0,"patente_usu":"Aspirante"},{"id":"559891390130@s.whatsapp.net","level_usu":0,"patente_usu":"Aspirante"},{"id":"258846068801@s.whatsapp.net","level_usu":0,"patente_usu":"Aspirante"},{"id":"559984815640@s.whatsapp.net","level_usu":0,"patente_usu":"Aspirante"}]},{"grupoID":"120363401239123818@g.us","usus":[{"id":"553398230030@s.whatsapp.net","level_usu":0,"patente_usu":"Aspirante"},{"id":"553399285117@s.whatsapp.net","level_usu":1,"patente_usu":"Recruta"},{"id":"553891164328@s.whatsapp.net","level_usu":1,"patente_usu":"Recruta"},{"id":"557399197974@s.whatsapp.net","level_usu":0,"patente_usu":"Aspirante"},{"id":"5516994606956@s.whatsapp.net","level_usu":0,"patente_usu":"Aspirante"},{"id":"558382180068@s.whatsapp.net","level_usu":0,"patente_usu":"Aspirante"},{"id":"5512981921702@s.whatsapp.net","level_usu":0,"patente_usu":"Aspirante"},{"id":"558398164308@s.whatsapp.net","level_usu":1,"patente_usu":"Recruta"},{"id":"558888721967@s.whatsapp.net","level_usu":0,"patente_usu":"Aspirante"},{"id":"557398176607@s.whatsapp.net","level_usu":0,"patente_usu":"Aspirante"},{"id":"5511945689761@s.whatsapp.net","level_usu":0,"patente_usu":"Aspirante"},{"id":"5521995420439@s.whatsapp.net","level_usu":0,"patente_usu":"Aspirante"},{"id":"558688559115@s.whatsapp.net","level_usu":0,"patente_usu":"Aspirante"},{"id":"553899645151@s.whatsapp.net","level_usu":0,"patente_usu":"Aspirante"},{"id":"558892171384@s.whatsapp.net","level_usu":0,"patente_usu":"Aspirante"},{"id":"558689005137@s.whatsapp.net","level_usu":0,"patente_usu":"Aspirante"},{"id":"553199304454@s.whatsapp.net","level_usu":0,"patente_usu":"Aspirante"},{"id":"5519982815461@s.whatsapp.net","level_usu":0,"patente_usu":"Aspirante"}]},{"grupoID":"120363168334040985@g.us","usus":[{"id":"559294043593@s.whatsapp.net","level_usu":1,"patente_usu":"Recruta"},{"id":"5521979436666@s.whatsapp.net","level_usu":1,"patente_usu":"Recruta"},{"id":"5521982114881@s.whatsapp.net","level_usu":1,"patente_usu":"Recruta"},{"id":"5511937640728@s.whatsapp.net","level_usu":0,"patente_usu":"Aspirante"},{"id":"557193351178@s.whatsapp.net","level_usu":0,"patente_usu":"Aspirante"},{"id":"557192551205@s.whatsapp.net","level_usu":3,"patente_usu":"Cabo"},{"id":"557193418632@s.whatsapp.net","level_usu":1,"patente_usu":"Recruta"},{"id":"244933815420@s.whatsapp.net","level_usu":1,"patente_usu":"Recruta"},{"id":"5521971922262@s.whatsapp.net","level_usu":2,"patente_usu":"Soldado"},{"id":"258861490285@s.whatsapp.net","level_usu":0,"patente_usu":"Aspirante"},{"id":"244976688368@s.whatsapp.net","level_usu":0,"patente_usu":"Aspirante"},{"id":"559281174848@s.whatsapp.net","level_usu":0,"patente_usu":"Aspirante"},{"id":"553891164328@s.whatsapp.net","level_usu":2,"patente_usu":"Soldado"},{"id":"258846068801@s.whatsapp.net","level_usu":1,"patente_usu":"Recruta"},{"id":"5515981367099@s.whatsapp.net","level_usu":3,"patente_usu":"Cabo"},{"id":"5519998676231@s.whatsapp.net","level_usu":0,"patente_usu":"Aspirante"},{"id":"558181353874@s.whatsapp.net","level_usu":2,"patente_usu":"Soldado"},{"id":"559784566689@s.whatsapp.net","level_usu":1,"patente_usu":"Recruta"},{"id":"553199434264@s.whatsapp.net","level_usu":0,"patente_usu":"Aspirante"},{"id":"557192793089@s.whatsapp.net","level_usu":1,"patente_usu":"Recruta"},{"id":"557196588921@s.whatsapp.net","level_usu":0,"patente_usu":"Aspirante"},{"id":"556793296753@s.whatsapp.net","level_usu":0,"patente_usu":"Aspirante"},{"id":"553584592864@s.whatsapp.net","level_usu":0,"patente_usu":"Aspirante"},{"id":"556293886440@s.whatsapp.net","level_usu":0,"patente_usu":"Aspirante"},{"id":"12367021768@s.whatsapp.net","level_usu":0,"patente_usu":"Aspirante"},{"id":"553598135474@s.whatsapp.net","level_usu":0,"patente_usu":"Aspirante"},{"id":"556981254149@s.whatsapp.net","level_usu":0,"patente_usu":"Aspirante"},{"id":"557398324618@s.whatsapp.net","level_usu":1,"patente_usu":"Recruta"},{"id":"556792384876@s.whatsapp.net","level_usu":0,"patente_usu":"Aspirante"},{"id":"5511979944445@s.whatsapp.net","level_usu":0,"patente_usu":"Aspirante"},{"id":"5528999488827@s.whatsapp.net","level_usu":0,"patente_usu":"Aspirante"},{"id":"5512988343829@s.whatsapp.net","level_usu":0,"patente_usu":"Aspirante"},{"id":"554291398584@s.whatsapp.net","level_usu":0,"patente_usu":"Aspirante"},{"id":"555581229181@s.whatsapp.net","level_usu":0,"patente_usu":"Aspirante"},{"id":"554198305282@s.whatsapp.net","level_usu":0,"patente_usu":"Aspirante"},{"id":"554491134302@s.whatsapp.net","level_usu":0,"patente_usu":"Aspirante"},{"id":"558892389065@s.whatsapp.net","level_usu":0,"patente_usu":"Aspirante"},{"id":"553399313492@s.whatsapp.net","level_usu":0,"patente_usu":"Aspirante"},{"id":"558881801232@s.whatsapp.net","level_usu":0,"patente_usu":"Aspirante"},{"id":"556291779517@s.whatsapp.net","level_usu":0,"patente_usu":"Aspirante"},{"id":"553484137810@s.whatsapp.net","level_usu":3,"patente_usu":"Cabo"},{"id":"556792030235@s.whatsapp.net","level_usu":0,"patente_usu":"Aspirante"},{"id":"558695310334@s.whatsapp.net","level_usu":0,"patente_usu":"Aspirante"},{"id":"554792816232@s.whatsapp.net","level_usu":0,"patente_usu":"Aspirante"},{"id":"244936897293@s.whatsapp.net","level_usu":0,"patente_usu":"Aspirante"},{"id":"258862733343@s.whatsapp.net","level_usu":0,"patente_usu":"Aspirante"},{"id":"258858264126@s.whatsapp.net","level_usu":0,"patente_usu":"Aspirante"},{"id":"5519953265603@s.whatsapp.net","level_usu":0,"patente_usu":"Aspirante"},{"id":"994405181972@s.whatsapp.net","level_usu":0,"patente_usu":"Aspirante"},{"id":"559286260692@s.whatsapp.net","level_usu":0,"patente_usu":"Aspirante"},{"id":"559884730931@s.whatsapp.net","level_usu":0,"patente_usu":"Aspirante"},{"id":"553191063996@s.whatsapp.net","level_usu":0,"patente_usu":"Aspirante"},{"id":"559784287496@s.whatsapp.net","level_usu":2,"patente_usu":"Soldado"},{"id":"553497966542@s.whatsapp.net","level_usu":0,"patente_usu":"Aspirante"},{"id":"258875386655@s.whatsapp.net","level_usu":1,"patente_usu":"Recruta"},{"id":"556298626287@s.whatsapp.net","level_usu":0,"patente_usu":"Aspirante"},{"id":"557199784692@s.whatsapp.net","level_usu":0,"patente_usu":"Aspirante"},{"id":"5517991695612@s.whatsapp.net","level_usu":0,"patente_usu":"Aspirante"},{"id":"553197668063@s.whatsapp.net","level_usu":0,"patente_usu":"Aspirante"},{"id":"558888721967@s.whatsapp.net","level_usu":0,"patente_usu":"Aspirante"},{"id":"5521992575850@s.whatsapp.net","level_usu":0,"patente_usu":"Aspirante"},{"id":"555399478804@s.whatsapp.net","level_usu":0,"patente_usu":"Aspirante"},{"id":"557196355262@s.whatsapp.net","level_usu":0,"patente_usu":"Aspirante"},{"id":"5524998371313@s.whatsapp.net","level_usu":0,"patente_usu":"Aspirante"},{"id":"554188374422@s.whatsapp.net","level_usu":0,"patente_usu":"Aspirante"},{"id":"554797602691@s.whatsapp.net","level_usu":0,"patente_usu":"Aspirante"},{"id":"5519989871039@s.whatsapp.net","level_usu":0,"patente_usu":"Aspirante"},{"id":"558185668997@s.whatsapp.net","level_usu":0,"patente_usu":"Aspirante"},{"id":"258852040314@s.whatsapp.net","level_usu":0,"patente_usu":"Aspirante"},{"id":"556896031967@s.whatsapp.net","level_usu":0,"patente_usu":"Aspirante"},{"id":"258845604170@s.whatsapp.net","level_usu":0,"patente_usu":"Aspirante"},{"id":"553888197593@s.whatsapp.net","level_usu":0,"patente_usu":"Aspirante"},{"id":"351935508660@s.whatsapp.net","level_usu":2,"patente_usu":"Soldado"},{"id":null,"level_usu":0,"patente_usu":"Aspirante"},{"id":"558193224006@s.whatsapp.net","level_usu":0,"patente_usu":"Aspirante"},{"id":"554699893638@s.whatsapp.net","level_usu":0,"patente_usu":"Aspirante"},{"id":"244972521252@s.whatsapp.net","level_usu":0,"patente_usu":"Aspirante"},{"id":"351964227050@s.whatsapp.net","level_usu":1,"patente_usu":"Recruta"},{"id":"5511950839219@s.whatsapp.net","level_usu":0,"patente_usu":"Aspirante"},{"id":"553171928881@s.whatsapp.net","level_usu":0,"patente_usu":"Aspirante"},{"id":"5511978690282@s.whatsapp.net","level_usu":0,"patente_usu":"Aspirante"},{"id":"558291107708@s.whatsapp.net","level_usu":0,"patente_usu":"Aspirante"},{"id":"559492022208@s.whatsapp.net","level_usu":0,"patente_usu":"Aspirante"},{"id":"557192693567@s.whatsapp.net","level_usu":0,"patente_usu":"Aspirante"},{"id":"5522981262549@s.whatsapp.net","level_usu":0,"patente_usu":"Aspirante"},{"id":"557599679276@s.whatsapp.net","level_usu":0,"patente_usu":"Aspirante"},{"id":"554497058026@s.whatsapp.net","level_usu":0,"patente_usu":"Aspirante"},{"id":"5358616493@s.whatsapp.net","level_usu":0,"patente_usu":"Aspirante"},{"id":"558398157700@s.whatsapp.net","level_usu":0,"patente_usu":"Aspirante"},{"id":"559192152019@s.whatsapp.net","level_usu":0,"patente_usu":"Aspirante"},{"id":"553497305651@s.whatsapp.net","level_usu":0,"patente_usu":"Aspirante"},{"id":"5511941828385@s.whatsapp.net","level_usu":0,"patente_usu":"Aspirante"},{"id":"558592464675@s.whatsapp.net","level_usu":0,"patente_usu":"Aspirante"},{"id":"553791963391@s.whatsapp.net","level_usu":0,"patente_usu":"Aspirante"},{"id":"258857586886@s.whatsapp.net","level_usu":0,"patente_usu":"Aspirante"},{"id":"553171150351@s.whatsapp.net","level_usu":0,"patente_usu":"Aspirante"},{"id":"557382368681@s.whatsapp.net","level_usu":0,"patente_usu":"Aspirante"},{"id":"556296958991@s.whatsapp.net","level_usu":0,"patente_usu":"Aspirante"},{"id":"18542587227@s.whatsapp.net","level_usu":0,"patente_usu":"Aspirante"},{"id":"558799428024@s.whatsapp.net","level_usu":2,"patente_usu":"Soldado"},{"id":"5527997286368@s.whatsapp.net","level_usu":3,"patente_usu":"Cabo"},{"id":"5521995234415@s.whatsapp.net","level_usu":0,"patente_usu":"Aspirante"},{"id":"5511944290154@s.whatsapp.net","level_usu":0,"patente_usu":"Aspirante"},{"id":"5512988047370@s.whatsapp.net","level_usu":0,"patente_usu":"Aspirante"},{"id":"554198147829@s.whatsapp.net","level_usu":0,"patente_usu":"Aspirante"},{"id":"5511948782832@s.whatsapp.net","level_usu":0,"patente_usu":"Aspirante"},{"id":"5521988397061@s.whatsapp.net","level_usu":0,"patente_usu":"Aspirante"},{"id":"553598537286@s.whatsapp.net","level_usu":0,"patente_usu":"Aspirante"},{"id":"556281992769@s.whatsapp.net","level_usu":0,"patente_usu":"Aspirante"}]},{"grupoID":"120363418998493688@g.us","usus":[{"id":"5521982253618@s.whatsapp.net","level_usu":0,"patente_usu":"Aspirante"},{"id":"5527995231215@s.whatsapp.net","level_usu":4,"patente_usu":"Sargento"},{"id":"5511961836195@s.whatsapp.net","level_usu":0,"patente_usu":"Aspirante"},{"id":"5515981877481@s.whatsapp.net","level_usu":3,"patente_usu":"Cabo"},{"id":"559888581497@s.whatsapp.net","level_usu":0,"patente_usu":"Aspirante"},{"id":"554299136122@s.whatsapp.net","level_usu":0,"patente_usu":"Aspirante"},{"id":"5358616493@s.whatsapp.net","level_usu":0,"patente_usu":"Aspirante"},{"id":"559887217646@s.whatsapp.net","level_usu":0,"patente_usu":"Aspirante"},{"id":"5521973937221@s.whatsapp.net","level_usu":0,"patente_usu":"Aspirante"},{"id":"554396165155@s.whatsapp.net","level_usu":0,"patente_usu":"Aspirante"},{"id":"558189102528@s.whatsapp.net","level_usu":0,"patente_usu":"Aspirante"},{"id":"5521971922262@s.whatsapp.net","level_usu":1,"patente_usu":"Recruta"},{"id":"555181439146@s.whatsapp.net","level_usu":0,"patente_usu":"Aspirante"},{"id":"5511949178535@s.whatsapp.net","level_usu":2,"patente_usu":"Soldado"},{"id":"573168430318@s.whatsapp.net","level_usu":0,"patente_usu":"Aspirante"},{"id":"5521972648047@s.whatsapp.net","level_usu":0,"patente_usu":"Aspirante"},{"id":"558398010377@s.whatsapp.net","level_usu":0,"patente_usu":"Aspirante"},{"id":"558788127342@s.whatsapp.net","level_usu":0,"patente_usu":"Aspirante"},{"id":"5513981908830@s.whatsapp.net","level_usu":0,"patente_usu":"Aspirante"},{"id":"5513996786276@s.whatsapp.net","level_usu":0,"patente_usu":"Aspirante"},{"id":"5511964528424@s.whatsapp.net","level_usu":0,"patente_usu":"Aspirante"},{"id":"351911716684@s.whatsapp.net","level_usu":0,"patente_usu":"Aspirante"},{"id":"559876022801@s.whatsapp.net","level_usu":0,"patente_usu":"Aspirante"},{"id":"5521979128358@s.whatsapp.net","level_usu":0,"patente_usu":"Aspirante"},{"id":"556596479806@s.whatsapp.net","level_usu":0,"patente_usu":"Aspirante"},{"id":"5519988313784@s.whatsapp.net","level_usu":0,"patente_usu":"Aspirante"},{"id":"5524999772668@s.whatsapp.net","level_usu":1,"patente_usu":"Recruta"},{"id":"556393128349@s.whatsapp.net","level_usu":4,"patente_usu":"Sargento"},{"id":"554198330664@s.whatsapp.net","level_usu":0,"patente_usu":"Aspirante"},{"id":"5518997071369@s.whatsapp.net","level_usu":0,"patente_usu":"Aspirante"},{"id":"5527992787698@s.whatsapp.net","level_usu":0,"patente_usu":"Aspirante"},{"id":"554298369661@s.whatsapp.net","level_usu":0,"patente_usu":"Aspirante"},{"id":"556792512364@s.whatsapp.net","level_usu":0,"patente_usu":"Aspirante"},{"id":"553191043676@s.whatsapp.net","level_usu":0,"patente_usu":"Aspirante"},{"id":"5554933802518@s.whatsapp.net","level_usu":0,"patente_usu":"Aspirante"},{"id":"554499750616@s.whatsapp.net","level_usu":0,"patente_usu":"Aspirante"},{"id":"5524999166149@s.whatsapp.net","level_usu":2,"patente_usu":"Soldado"},{"id":"558585970436@s.whatsapp.net","level_usu":1,"patente_usu":"Recruta"},{"id":"558199526657@s.whatsapp.net","level_usu":0,"patente_usu":"Aspirante"}]},{"grupoID":"120363419754525981@g.us","usus":[{"id":"557398176607@s.whatsapp.net","level_usu":2,"patente_usu":"Soldado"},{"id":"555194583978@s.whatsapp.net","level_usu":0,"patente_usu":"Aspirante"},{"id":"553899645151@s.whatsapp.net","level_usu":2,"patente_usu":"Soldado"},{"id":"5511918848827@s.whatsapp.net","level_usu":0,"patente_usu":"Aspirante"},{"id":"994400770565@s.whatsapp.net","level_usu":1,"patente_usu":"Recruta"},{"id":"558181353874@s.whatsapp.net","level_usu":2,"patente_usu":"Soldado"},{"id":"558592039551@s.whatsapp.net","level_usu":0,"patente_usu":"Aspirante"},{"id":"553182954668@s.whatsapp.net","level_usu":0,"patente_usu":"Aspirante"},{"id":"557193340458@s.whatsapp.net","level_usu":0,"patente_usu":"Aspirante"},{"id":"351927254857@s.whatsapp.net","level_usu":1,"patente_usu":"Recruta"},{"id":null,"level_usu":0,"patente_usu":"Aspirante"},{"id":"553891164328@s.whatsapp.net","level_usu":0,"patente_usu":"Aspirante"},{"id":"5527995231215@s.whatsapp.net","level_usu":1,"patente_usu":"Recruta"},{"id":"557398343428@s.whatsapp.net","level_usu":3,"patente_usu":"Cabo"},{"id":"5521968832550@s.whatsapp.net","level_usu":0,"patente_usu":"Aspirante"},{"id":"559891402690@s.whatsapp.net","level_usu":1,"patente_usu":"Recruta"},{"id":"553384151570@s.whatsapp.net","level_usu":0,"patente_usu":"Aspirante"},{"id":"5516990774425@s.whatsapp.net","level_usu":0,"patente_usu":"Aspirante"},{"id":"5511976941356@s.whatsapp.net","level_usu":0,"patente_usu":"Aspirante"},{"id":"5521968197846@s.whatsapp.net","level_usu":0,"patente_usu":"Aspirante"},{"id":"5521986317387@s.whatsapp.net","level_usu":0,"patente_usu":"Aspirante"},{"id":"556796808698@s.whatsapp.net","level_usu":0,"patente_usu":"Aspirante"},{"id":"553195897011@s.whatsapp.net","level_usu":0,"patente_usu":"Aspirante"},{"id":"5212231163806@s.whatsapp.net","level_usu":0,"patente_usu":"Aspirante"},{"id":"559281174848@s.whatsapp.net","level_usu":0,"patente_usu":"Aspirante"},{"id":"557598634057@s.whatsapp.net","level_usu":0,"patente_usu":"Aspirante"},{"id":"244936760867@s.whatsapp.net","level_usu":0,"patente_usu":"Aspirante"},{"id":"5585920020295@s.whatsapp.net","level_usu":0,"patente_usu":"Aspirante"}]},{"grupoID":"120363420227390962@g.us","usus":[{"id":"558799295021@s.whatsapp.net","level_usu":0,"patente_usu":"Aspirante"},{"id":"5516994292158@s.whatsapp.net","level_usu":0,"patente_usu":"Aspirante"},{"id":"554196865128@s.whatsapp.net","level_usu":0,"patente_usu":"Aspirante"},{"id":"5521976443919@s.whatsapp.net","level_usu":0,"patente_usu":"Aspirante"},{"id":"5511973695846@s.whatsapp.net","level_usu":0,"patente_usu":"Aspirante"},{"id":"5518997337990@s.whatsapp.net","level_usu":0,"patente_usu":"Aspirante"},{"id":"5521964461006@s.whatsapp.net","level_usu":0,"patente_usu":"Aspirante"},{"id":"5521995191254@s.whatsapp.net","level_usu":0,"patente_usu":"Aspirante"},{"id":"559281575049@s.whatsapp.net","level_usu":0,"patente_usu":"Aspirante"},{"id":"554699898927@s.whatsapp.net","level_usu":0,"patente_usu":"Aspirante"},{"id":null,"level_usu":0,"patente_usu":"Aspirante"},{"id":"5522999414161@s.whatsapp.net","level_usu":0,"patente_usu":"Aspirante"},{"id":"553199686631@s.whatsapp.net","level_usu":0,"patente_usu":"Aspirante"},{"id":"558892697421@s.whatsapp.net","level_usu":0,"patente_usu":"Aspirante"},{"id":"559180191124@s.whatsapp.net","level_usu":0,"patente_usu":"Aspirante"},{"id":"5511917994066@s.whatsapp.net","level_usu":0,"patente_usu":"Aspirante"},{"id":"553599832969@s.whatsapp.net","level_usu":0,"patente_usu":"Aspirante"}]},{"grupoID":"120363421141692442@g.us","usus":[{"id":"5521993191154@s.whatsapp.net","level_usu":0,"patente_usu":"Aspirante"},{"id":"5511912245835@s.whatsapp.net","level_usu":2,"patente_usu":"Soldado"}]},{"grupoID":"120363319222356898@g.us","usus":[{"id":"5527997610943@s.whatsapp.net","level_usu":1,"patente_usu":"Recruta"},{"id":"557481426517@s.whatsapp.net","level_usu":2,"patente_usu":"Soldado"},{"id":"5519998499268@s.whatsapp.net","level_usu":2,"patente_usu":"Soldado"},{"id":"553191614281@s.whatsapp.net","level_usu":0,"patente_usu":"Aspirante"},{"id":"12673337961@s.whatsapp.net","level_usu":0,"patente_usu":"Aspirante"},{"id":"556196158090@s.whatsapp.net","level_usu":2,"patente_usu":"Soldado"},{"id":"5521972509257@s.whatsapp.net","level_usu":2,"patente_usu":"Soldado"},{"id":"5511952689165@s.whatsapp.net","level_usu":0,"patente_usu":"Aspirante"},{"id":"5521972937362@s.whatsapp.net","level_usu":0,"patente_usu":"Aspirante"},{"id":"556699595629@s.whatsapp.net","level_usu":0,"patente_usu":"Aspirante"},{"id":"555181064973@s.whatsapp.net","level_usu":0,"patente_usu":"Aspirante"},{"id":"5519982622190@s.whatsapp.net","level_usu":0,"patente_usu":"Aspirante"},{"id":"5521986007988@s.whatsapp.net","level_usu":0,"patente_usu":"Aspirante"},{"id":"5512992279538@s.whatsapp.net","level_usu":0,"patente_usu":"Aspirante"},{"id":"5512988815556@s.whatsapp.net","level_usu":0,"patente_usu":"Aspirante"},{"id":null,"level_usu":0,"patente_usu":"Aspirante"},{"id":"554388743427@s.whatsapp.net","level_usu":0,"patente_usu":"Aspirante"},{"id":"553891164328@s.whatsapp.net","level_usu":0,"patente_usu":"Aspirante"}]},{"grupoID":"120363334766466812@g.us","usus":[{"id":"5511920101292@s.whatsapp.net","level_usu":3,"patente_usu":"Cabo"}]},{"grupoID":"120363417574206535@g.us","usus":[{"id":"5511920101292@s.whatsapp.net","level_usu":3,"patente_usu":"Cabo"},{"id":"5511989748023@s.whatsapp.net","level_usu":0,"patente_usu":"Aspirante"}]},{"grupoID":"120363177685769848@g.us","usus":[{"id":"5511951640262@s.whatsapp.net","level_usu":2,"patente_usu":"Soldado"},{"id":"557398176607@s.whatsapp.net","level_usu":0,"patente_usu":"Aspirante"},{"id":"556195252236@s.whatsapp.net","level_usu":0,"patente_usu":"Aspirante"},{"id":"5511944770377@s.whatsapp.net","level_usu":1,"patente_usu":"Recruta"},{"id":"557191980126@s.whatsapp.net","level_usu":0,"patente_usu":"Aspirante"}]},{"grupoID":"120363311068401630@g.us","usus":[{"id":"5511950256089@s.whatsapp.net","level_usu":0,"patente_usu":"Aspirante"},{"id":null,"level_usu":0,"patente_usu":"Aspirante"},{"id":"553891164328@s.whatsapp.net","level_usu":0,"patente_usu":"Aspirante"}]},{"grupoID":"120363420350250338@g.us","usus":[{"id":"558494037542@s.whatsapp.net","level_usu":3,"patente_usu":"Cabo"},{"id":"557388623906@s.whatsapp.net","level_usu":0,"patente_usu":"Aspirante"},{"id":"556293590036@s.whatsapp.net","level_usu":0,"patente_usu":"Aspirante"}]},{"grupoID":"120363419711945465@g.us","usus":[{"id":"5519953276333@s.whatsapp.net","level_usu":1,"patente_usu":"Recruta"},{"id":"557798395623@s.whatsapp.net","level_usu":0,"patente_usu":"Aspirante"},{"id":"558192959029@s.whatsapp.net","level_usu":1,"patente_usu":"Recruta"},{"id":"556392339837@s.whatsapp.net","level_usu":3,"patente_usu":"Cabo"},{"id":"559584289346@s.whatsapp.net","level_usu":0,"patente_usu":"Aspirante"},{"id":"559198305157@s.whatsapp.net","level_usu":0,"patente_usu":"Aspirante"},{"id":"5513991200703@s.whatsapp.net","level_usu":0,"patente_usu":"Aspirante"},{"id":"5519982138487@s.whatsapp.net","level_usu":1,"patente_usu":"Recruta"},{"id":"556892571347@s.whatsapp.net","level_usu":0,"patente_usu":"Aspirante"},{"id":"556299611705@s.whatsapp.net","level_usu":0,"patente_usu":"Aspirante"},{"id":"554195112446@s.whatsapp.net","level_usu":0,"patente_usu":"Aspirante"},{"id":"558699480238@s.whatsapp.net","level_usu":0,"patente_usu":"Aspirante"},{"id":"5511965461403@s.whatsapp.net","level_usu":0,"patente_usu":"Aspirante"},{"id":"555191230828@s.whatsapp.net","level_usu":0,"patente_usu":"Aspirante"},{"id":"556193716886@s.whatsapp.net","level_usu":0,"patente_usu":"Aspirante"},{"id":"559192274572@s.whatsapp.net","level_usu":0,"patente_usu":"Aspirante"},{"id":"559584026642@s.whatsapp.net","level_usu":0,"patente_usu":"Aspirante"},{"id":"554187874068@s.whatsapp.net","level_usu":1,"patente_usu":"Recruta"},{"id":"558589462399@s.whatsapp.net","level_usu":0,"patente_usu":"Aspirante"},{"id":"5521965731524@s.whatsapp.net","level_usu":0,"patente_usu":"Aspirante"},{"id":"557192299652@s.whatsapp.net","level_usu":0,"patente_usu":"Aspirante"},{"id":"553197648896@s.whatsapp.net","level_usu":0,"patente_usu":"Aspirante"},{"id":"5527992443842@s.whatsapp.net","level_usu":0,"patente_usu":"Aspirante"},{"id":"5521979381815@s.whatsapp.net","level_usu":0,"patente_usu":"Aspirante"},{"id":"5511981183266@s.whatsapp.net","level_usu":0,"patente_usu":"Aspirante"},{"id":"559991027290@s.whatsapp.net","level_usu":0,"patente_usu":"Aspirante"},{"id":"556696148952@s.whatsapp.net","level_usu":0,"patente_usu":"Aspirante"},{"id":"5524998917899@s.whatsapp.net","level_usu":0,"patente_usu":"Aspirante"},{"id":"557388245116@s.whatsapp.net","level_usu":0,"patente_usu":"Aspirante"},{"id":"555192512966@s.whatsapp.net","level_usu":0,"patente_usu":"Aspirante"},{"id":"554792775964@s.whatsapp.net","level_usu":0,"patente_usu":"Aspirante"},{"id":"553492670030@s.whatsapp.net","level_usu":0,"patente_usu":"Aspirante"},{"id":"557196901937@s.whatsapp.net","level_usu":0,"patente_usu":"Aspirante"},{"id":"553197415748@s.whatsapp.net","level_usu":0,"patente_usu":"Aspirante"},{"id":"554184624567@s.whatsapp.net","level_usu":0,"patente_usu":"Aspirante"},{"id":"554891953280@s.whatsapp.net","level_usu":0,"patente_usu":"Aspirante"},{"id":"557196532153@s.whatsapp.net","level_usu":0,"patente_usu":"Aspirante"},{"id":"559887459653@s.whatsapp.net","level_usu":0,"patente_usu":"Aspirante"},{"id":"556592863609@s.whatsapp.net","level_usu":0,"patente_usu":"Aspirante"},{"id":"556292959493@s.whatsapp.net","level_usu":0,"patente_usu":"Aspirante"},{"id":"555399478804@s.whatsapp.net","level_usu":0,"patente_usu":"Aspirante"},{"id":"5514981383176@s.whatsapp.net","level_usu":0,"patente_usu":"Aspirante"},{"id":"556493424149@s.whatsapp.net","level_usu":0,"patente_usu":"Aspirante"},{"id":"558581471241@s.whatsapp.net","level_usu":0,"patente_usu":"Aspirante"},{"id":"553891760239@s.whatsapp.net","level_usu":0,"patente_usu":"Aspirante"},{"id":"554499043943@s.whatsapp.net","level_usu":0,"patente_usu":"Aspirante"},{"id":"556298626287@s.whatsapp.net","level_usu":0,"patente_usu":"Aspirante"},{"id":"557591861008@s.whatsapp.net","level_usu":0,"patente_usu":"Aspirante"},{"id":"555198748220@s.whatsapp.net","level_usu":0,"patente_usu":"Aspirante"},{"id":"553298609517@s.whatsapp.net","level_usu":0,"patente_usu":"Aspirante"},{"id":"556899165322@s.whatsapp.net","level_usu":0,"patente_usu":"Aspirante"},{"id":"5511954106554@s.whatsapp.net","level_usu":0,"patente_usu":"Aspirante"},{"id":"557182538749@s.whatsapp.net","level_usu":0,"patente_usu":"Aspirante"},{"id":"556182059431@s.whatsapp.net","level_usu":0,"patente_usu":"Aspirante"},{"id":"5511952940187@s.whatsapp.net","level_usu":0,"patente_usu":"Aspirante"},{"id":"556593317423@s.whatsapp.net","level_usu":0,"patente_usu":"Aspirante"},{"id":"5524998849728@s.whatsapp.net","level_usu":0,"patente_usu":"Aspirante"},{"id":"556293817709@s.whatsapp.net","level_usu":0,"patente_usu":"Aspirante"},{"id":"553194941890@s.whatsapp.net","level_usu":0,"patente_usu":"Aspirante"},{"id":"558584636999@s.whatsapp.net","level_usu":0,"patente_usu":"Aspirante"},{"id":"5511935359447@s.whatsapp.net","level_usu":0,"patente_usu":"Aspirante"},{"id":"554599132077@s.whatsapp.net","level_usu":0,"patente_usu":"Aspirante"},{"id":"5511965649327@s.whatsapp.net","level_usu":0,"patente_usu":"Aspirante"},{"id":"5511934657446@s.whatsapp.net","level_usu":0,"patente_usu":"Aspirante"},{"id":"5511915197478@s.whatsapp.net","level_usu":0,"patente_usu":"Aspirante"},{"id":"555192495919@s.whatsapp.net","level_usu":0,"patente_usu":"Aspirante"},{"id":"5511961932884@s.whatsapp.net","level_usu":0,"patente_usu":"Aspirante"},{"id":"5522992126404@s.whatsapp.net","level_usu":0,"patente_usu":"Aspirante"},{"id":"551151043538@s.whatsapp.net","level_usu":0,"patente_usu":"Aspirante"},{"id":"553199957104@s.whatsapp.net","level_usu":0,"patente_usu":"Aspirante"},{"id":"5519953265603@s.whatsapp.net","level_usu":0,"patente_usu":"Aspirante"},{"id":"559184937290@s.whatsapp.net","level_usu":0,"patente_usu":"Aspirante"},{"id":"5511949149114@s.whatsapp.net","level_usu":0,"patente_usu":"Aspirante"},{"id":"554888194462@s.whatsapp.net","level_usu":0,"patente_usu":"Aspirante"},{"id":"558893336263@s.whatsapp.net","level_usu":0,"patente_usu":"Aspirante"},{"id":"558494589260@s.whatsapp.net","level_usu":0,"patente_usu":"Aspirante"}]},{"grupoID":"120363402989935088@g.us","usus":[{"id":"555199147648@s.whatsapp.net","level_usu":0,"patente_usu":"Aspirante"},{"id":"553891164328@s.whatsapp.net","level_usu":0,"patente_usu":"Aspirante"}]},{"grupoID":"120363401647681101@g.us","usus":[{"id":"5511949178535@s.whatsapp.net","level_usu":0,"patente_usu":"Aspirante"},{"id":"5515981877481@s.whatsapp.net","level_usu":0,"patente_usu":"Aspirante"},{"id":"556281992769@s.whatsapp.net","level_usu":0,"patente_usu":"Aspirante"},{"id":"556393128349@s.whatsapp.net","level_usu":0,"patente_usu":"Aspirante"},{"id":"553598537286@s.whatsapp.net","level_usu":0,"patente_usu":"Aspirante"}]},{"grupoID":"120363399334565002@g.us","usus":[{"id":"56964671398038@lid","level_usu":0,"patente_usu":"Aspirante"},{"id":null,"level_usu":0,"patente_usu":"Aspirante"},{"id":"29322362523895@lid","level_usu":0,"patente_usu":"Aspirante"},{"id":"212669902635034@lid","level_usu":0,"patente_usu":"Aspirante"},{"id":"249014217887856@lid","level_usu":0,"patente_usu":"Aspirante"},{"id":"122922534469848@lid","level_usu":0,"patente_usu":"Aspirante"},{"id":"116076121714843@lid","level_usu":0,"patente_usu":"Aspirante"}]},{"grupoID":"120363418019079330@g.us","usus":[{"id":"5527997610943@s.whatsapp.net","level_usu":0,"patente_usu":"Aspirante"},{"id":"5511966455615@s.whatsapp.net","level_usu":0,"patente_usu":"Aspirante"},{"id":"5521982379632@s.whatsapp.net","level_usu":0,"patente_usu":"Aspirante"},{"id":"5521972937362@s.whatsapp.net","level_usu":2,"patente_usu":"Soldado"},{"id":"5521975590051@s.whatsapp.net","level_usu":0,"patente_usu":"Aspirante"},{"id":"558398659492@s.whatsapp.net","level_usu":0,"patente_usu":"Aspirante"}]},{"grupoID":"120363418643910741@g.us","usus":[{"id":"553496422057@s.whatsapp.net","level_usu":0,"patente_usu":"Aspirante"},{"id":"117652559273998@lid","level_usu":0,"patente_usu":"Aspirante"}]},{"grupoID":"120363401533596161@g.us","usus":[{"id":"5511912245835@s.whatsapp.net","level_usu":2,"patente_usu":"Soldado"},{"id":"639103363424@s.whatsapp.net","level_usu":0,"patente_usu":"Aspirante"},{"id":"5511968107792@s.whatsapp.net","level_usu":0,"patente_usu":"Aspirante"},{"id":"5511939526792@s.whatsapp.net","level_usu":0,"patente_usu":"Aspirante"},{"id":"557598171758@s.whatsapp.net","level_usu":0,"patente_usu":"Aspirante"}]},{"grupoID":"120363417457848574@g.us","usus":[{"id":"556291381847@s.whatsapp.net","level_usu":0,"patente_usu":"Aspirante"},{"id":"556284000049@s.whatsapp.net","level_usu":0,"patente_usu":"Aspirante"},{"id":"556291775113@s.whatsapp.net","level_usu":0,"patente_usu":"Aspirante"},{"id":"553398686021@s.whatsapp.net","level_usu":0,"patente_usu":"Aspirante"}]},{"grupoID":"120363416920785269@g.us","usus":[{"id":"558581962583@s.whatsapp.net","level_usu":0,"patente_usu":"Aspirante"},{"id":"553188087528@s.whatsapp.net","level_usu":0,"patente_usu":"Aspirante"},{"id":"5519981154138@s.whatsapp.net","level_usu":0,"patente_usu":"Aspirante"},{"id":"558181277670@s.whatsapp.net","level_usu":0,"patente_usu":"Aspirante"},{"id":"5521991277240@s.whatsapp.net","level_usu":0,"patente_usu":"Aspirante"},{"id":"557199556974@s.whatsapp.net","level_usu":0,"patente_usu":"Aspirante"}]},{"grupoID":"120363400852541095@g.us","usus":[{"id":"553172588193@s.whatsapp.net","level_usu":0,"patente_usu":"Aspirante"}]},{"grupoID":"120363400191559142@g.us","usus":[{"id":"5516993929593@s.whatsapp.net","level_usu":1,"patente_usu":"Recruta"},{"id":"5521995445495@s.whatsapp.net","level_usu":0,"patente_usu":"Aspirante"},{"id":"5511994940697@s.whatsapp.net","level_usu":1,"patente_usu":"Recruta"}]},{"grupoID":"120363417727844291@g.us","usus":[{"id":"557199556974@s.whatsapp.net","level_usu":0,"patente_usu":"Aspirante"}]},{"grupoID":"120363400127692276@g.us","usus":[{"id":"556392034729@s.whatsapp.net","level_usu":0,"patente_usu":"Aspirante"},{"id":"556392339837@s.whatsapp.net","level_usu":2,"patente_usu":"Soldado"},{"id":"556281219322@s.whatsapp.net","level_usu":0,"patente_usu":"Aspirante"}]},{"grupoID":"120363403382456757@g.us","usus":[{"id":"280277268045964@lid","level_usu":0,"patente_usu":"Aspirante"},{"id":"116076121714843@lid","level_usu":0,"patente_usu":"Aspirante"}]}]